<?xml version="1.0" encoding="UTF-8"?>
<project-private xmlns="http://www.netbeans.org/ns/project-private/1">
    <editor-bookmarks xmlns="http://www.netbeans.org/ns/editor-bookmarks/2" lastBookmarkId="0"/>
    <open-files xmlns="http://www.netbeans.org/ns/projectui-open-files/2">
        <group>
            <file>file:/home/alumnogreibd/BasesDatos2/ProyectoBDII_Administrador/Cine/src/GUI/VInstalaciones.java</file>
            <file>file:/home/alumnogreibd/BasesDatos2/ProyectoBDII_Administrador/Cine/src/Aplicacion/GestorSalas.java</file>
            <file>file:/home/alumnogreibd/BasesDatos2/ProyectoBDII_Administrador/Cine/src/Aplicacion/GestorSala.java</file>
            <file>file:/home/alumnogreibd/BasesDatos2/ProyectoBDII_Administrador/Cine/src/Aplicacion/FachadaAplicacion.java</file>
            <file>file:/home/alumnogreibd/BasesDatos2/ProyectoBDII_Administrador/Cine/src/Aplicacion/Sala.java</file>
            <file>file:/home/alumnogreibd/BasesDatos2/ProyectoBDII_Administrador/Cine/src/GUI/VPrincipal.java</file>
            <file>file:/home/alumnogreibd/BasesDatos2/ProyectoBDII_Administrador/Cine/src/GUI/VGestionPeliculas.java</file>
            <file>file:/home/alumnogreibd/BasesDatos2/ProyectoBDII_Administrador/Cine/src/GUI/VCartelera.java</file>
            <file>file:/home/alumnogreibd/BasesDatos2/ProyectoBDII_Administrador/Cine/src/Aplicacion/GestorSesion.java</file>
            <file>file:/home/alumnogreibd/BasesDatos2/ProyectoBDII_Administrador/Cine/src/BaseDatos/FachadaBaseDatos.java</file>
            <file>file:/home/alumnogreibd/BasesDatos2/ProyectoBDII_Administrador/Cine/src/BaseDatos/DAOSesiones.java</file>
        </group>
    </open-files>
</project-private>
